cgpa,math_score,programming_score,communication_score,ml_skill,web_skill,security_skill,cloud_skill,stats_skill,internship_count,project_count,interest_area,career_path
3.4,82,47,60,6,9,2,6,7,0,3,data,Data Science
3.78,83,64,88,9,2,6,3,8,2,4,web,Data Science
2.79,47,86,74,0,3,1,7,3,1,5,web,Web Development
3.15,55,84,57,4,7,9,8,8,0,4,data,Data Science
3.12,80,67,46,8,7,1,0,6,2,5,ai,AI / Machine Learning Engineering
3.34,40,44,65,6,6,8,9,9,3,4,ai,Cyber Security
3.32,54,82,68,3,6,2,5,1,1,4,ai,AI / Machine Learning Engineering
3.06,94,67,64,6,0,0,8,8,3,4,cloud,Data Science
3.06,54,98,93,7,8,3,0,0,1,3,ai,AI / Machine Learning Engineering
3.69,41,92,83,9,5,6,3,6,2,2,ai,AI / Machine Learning Engineering
3.4,48,99,98,5,2,3,3,2,1,2,cloud,AI / Machine Learning Engineering
3.7,50,67,96,8,1,6,9,2,2,3,data,AI / Machine Learning Engineering
3.14,80,74,58,2,3,7,5,7,0,3,data,Data Science
2.72,72,43,72,4,3,7,7,6,2,0,ai,AI / Machine Learning Engineering
3.33,90,93,47,1,4,0,0,4,3,4,web,Web Development
3.33,76,63,68,0,4,2,0,3,2,4,ai,Web Development
3.27,79,85,63,1,5,6,1,9,1,1,security,Data Science
3.41,64,63,52,9,6,8,3,3,0,5,security,Cyber Security
3.01,64,97,61,9,9,5,0,3,1,5,ai,AI / Machine Learning Engineering
3.18,45,84,71,3,2,6,7,3,3,4,cloud,Cloud / DevOps Engineering
3.91,40,97,97,0,1,5,8,7,0,4,web,Cloud / DevOps Engineering
3.23,90,76,61,8,4,0,3,4,3,1,security,AI / Machine Learning Engineering
3.07,49,97,58,9,0,7,4,3,3,1,data,AI / Machine Learning Engineering
2.95,90,82,76,2,0,0,7,9,2,3,ai,Data Science
3.69,68,65,49,9,1,2,8,6,3,1,security,AI / Machine Learning Engineering
2.87,48,63,74,0,2,3,1,0,2,5,web,Web Development
3.45,59,87,64,5,2,0,3,8,2,3,ai,AI / Machine Learning Engineering
3.65,60,75,92,6,8,6,4,9,1,5,web,Data Science
3.37,83,56,77,6,7,9,8,1,2,1,data,Cyber Security
3.07,46,64,84,3,3,5,2,5,2,2,ai,AI / Machine Learning Engineering
3.84,47,80,78,0,2,8,0,8,3,0,ai,Data Science
4.0,53,54,70,0,4,5,5,2,3,0,cloud,Cloud / DevOps Engineering
2.72,99,89,67,4,8,3,5,0,0,0,web,Web Development
3.51,49,95,69,1,4,6,7,0,1,0,web,Web Development
3.29,44,70,44,5,2,4,6,4,0,4,security,Cyber Security
2.85,40,88,79,1,7,6,9,9,1,5,security,Cyber Security
3.1,87,86,62,4,4,1,2,6,1,3,cloud,Data Science
3.34,72,63,54,6,9,2,0,4,0,3,web,Web Development
3.35,50,90,86,8,6,6,5,7,3,3,ai,AI / Machine Learning Engineering
2.99,61,60,45,0,4,8,9,1,0,5,ai,Cyber Security
2.71,87,56,65,3,0,7,0,2,0,3,ai,AI / Machine Learning Engineering
3.86,53,98,95,2,6,2,6,1,1,5,web,Web Development
2.78,65,83,64,0,3,8,3,9,2,0,web,Cyber Security
2.79,80,76,45,3,9,1,7,5,0,0,ai,Web Development
3.22,79,76,75,7,5,1,3,3,2,5,cloud,AI / Machine Learning Engineering
2.5,84,83,44,5,9,5,3,2,3,0,security,Web Development
3.51,52,82,42,0,5,1,7,9,0,1,cloud,Data Science
3.41,63,77,94,2,0,4,1,4,3,2,cloud,Data Science
2.96,69,74,60,4,4,2,9,3,0,4,web,Web Development
3.48,54,72,64,0,0,6,1,4,3,2,web,Data Science
3.88,66,75,68,5,8,0,4,6,0,5,ai,Web Development
2.3,84,63,91,7,7,4,3,1,2,2,security,Web Development
3.27,47,62,86,9,9,7,1,8,0,3,web,Web Development
3.07,65,85,75,5,6,8,0,5,2,2,web,Web Development
3.54,50,77,41,6,1,1,0,2,1,0,web,AI / Machine Learning Engineering
2.79,59,80,88,3,5,5,7,0,2,0,ai,Cloud / DevOps Engineering
4.0,68,69,55,7,2,1,0,2,2,1,web,AI / Machine Learning Engineering
3.32,78,42,71,9,9,2,1,0,2,3,cloud,Web Development
3.21,47,93,96,4,2,2,0,7,1,2,ai,AI / Machine Learning Engineering
2.77,70,94,87,1,6,9,6,0,2,4,data,Cyber Security
2.99,81,41,42,6,6,3,4,4,1,5,ai,AI / Machine Learning Engineering
3.19,71,56,89,2,0,8,7,1,0,0,ai,Cyber Security
2.98,50,45,57,4,9,3,8,5,1,0,web,Web Development
2.84,84,96,92,6,9,0,9,4,3,5,web,Web Development
2.59,75,88,98,6,7,2,5,1,2,5,data,Web Development
3.29,98,84,82,1,8,9,1,4,0,0,ai,Web Development
3.59,88,56,49,8,6,0,7,2,3,4,security,AI / Machine Learning Engineering
3.26,71,49,55,6,0,6,9,4,1,1,ai,AI / Machine Learning Engineering
3.74,70,69,91,6,2,1,9,6,0,5,web,Cloud / DevOps Engineering
3.7,83,78,54,7,0,3,5,8,0,1,web,AI / Machine Learning Engineering
3.02,71,74,98,6,3,0,4,8,3,3,cloud,Data Science
3.03,53,95,69,1,3,1,4,8,3,0,cloud,Data Science
3.53,73,64,46,3,3,7,3,5,0,2,web,Data Science
2.95,44,93,86,6,0,8,2,3,1,0,data,AI / Machine Learning Engineering
2.98,95,86,64,8,3,4,1,8,3,2,ai,AI / Machine Learning Engineering
2.84,99,54,77,7,4,9,1,5,0,3,data,Data Science
3.64,72,45,63,2,7,0,8,8,0,1,data,Data Science
3.29,57,75,41,6,1,0,8,0,3,1,web,AI / Machine Learning Engineering
3.42,67,99,54,4,5,3,3,3,1,3,ai,AI / Machine Learning Engineering
3.01,89,53,86,3,2,3,6,0,1,2,ai,AI / Machine Learning Engineering
3.53,86,53,59,5,2,0,7,4,2,4,web,Cloud / DevOps Engineering
3.1,74,88,64,7,1,7,8,0,0,4,data,AI / Machine Learning Engineering
3.86,59,75,48,5,8,5,5,4,0,1,security,Cyber Security
2.57,84,64,72,5,8,7,5,2,3,0,ai,AI / Machine Learning Engineering
2.85,52,69,72,3,9,5,6,1,1,1,security,Web Development
3.22,89,51,47,7,1,3,6,3,3,3,web,AI / Machine Learning Engineering
3.89,64,84,90,9,2,6,3,7,0,4,security,AI / Machine Learning Engineering
2.75,74,68,93,0,6,0,4,9,0,3,web,Web Development
4.0,97,92,73,3,1,1,3,5,2,1,cloud,Data Science
3.0,65,47,75,6,9,1,6,4,0,5,web,Web Development
3.66,45,56,98,8,8,1,2,4,0,0,security,Web Development
3.1,59,47,82,0,8,5,3,8,2,4,ai,Data Science
3.27,98,59,89,1,8,4,3,9,0,0,data,Data Science
3.57,70,95,86,1,6,5,3,6,3,5,ai,Web Development
3.63,61,86,73,0,6,6,9,9,1,1,ai,Data Science
3.45,53,92,87,4,8,9,1,1,3,5,ai,Web Development
3.69,43,77,58,5,1,1,8,6,2,4,cloud,Cloud / DevOps Engineering
2.85,64,72,88,0,2,5,9,2,3,5,web,Cloud / DevOps Engineering
3.24,54,83,75,6,5,1,4,6,2,4,cloud,AI / Machine Learning Engineering
2.52,91,85,66,2,7,9,3,1,1,0,cloud,Web Development
3.58,81,95,75,3,3,5,6,5,0,3,data,Data Science
3.09,48,54,49,7,9,8,9,7,3,0,ai,Web Development
2.93,75,49,72,6,1,4,0,2,3,1,web,AI / Machine Learning Engineering
3.42,48,53,52,8,8,1,2,6,0,1,web,Web Development
3.05,79,76,72,3,2,8,7,0,2,5,ai,Cyber Security
3.33,93,83,97,2,5,5,1,6,3,1,ai,Data Science
3.72,94,55,81,8,6,0,7,3,2,5,ai,AI / Machine Learning Engineering
4.0,57,47,78,0,4,5,3,1,0,5,data,Data Science
3.22,42,91,62,9,3,1,6,5,2,5,web,AI / Machine Learning Engineering
3.31,55,46,91,8,4,2,1,1,2,1,cloud,AI / Machine Learning Engineering
3.56,40,85,55,5,3,2,2,8,1,0,security,AI / Machine Learning Engineering
3.3,70,53,59,1,5,1,6,2,2,2,web,Web Development
2.6,62,58,48,2,4,8,2,6,3,3,web,Web Development
3.4,77,78,89,4,3,2,6,5,1,4,ai,AI / Machine Learning Engineering
2.8,44,40,52,4,9,1,4,4,1,4,cloud,Web Development
2.72,91,87,99,1,7,2,8,3,0,5,ai,Web Development
3.16,79,60,67,6,1,7,5,7,0,0,data,Data Science
3.11,96,62,82,0,2,7,2,7,0,4,web,Data Science
3.7,47,49,77,0,7,7,8,8,1,1,data,Data Science
2.89,66,79,41,5,4,1,9,0,3,1,ai,AI / Machine Learning Engineering
3.11,85,88,95,4,2,9,6,6,0,3,cloud,Cyber Security
3.56,83,71,50,5,5,8,5,1,1,4,security,Cyber Security
3.52,42,93,58,6,6,8,4,7,1,1,data,Data Science
3.3,85,78,66,1,8,8,3,3,1,1,security,Cyber Security
2.87,59,49,63,5,2,9,4,5,0,5,security,Cyber Security
4.0,63,76,55,9,6,3,3,7,1,1,web,Web Development
3.38,51,69,97,5,4,3,2,3,1,0,web,Web Development
2.79,43,59,87,5,6,8,9,4,0,3,ai,AI / Machine Learning Engineering
3.01,90,44,68,4,3,0,4,9,3,4,security,Data Science
3.18,60,69,63,9,5,6,2,6,3,5,ai,AI / Machine Learning Engineering
3.19,95,82,59,1,9,8,4,3,1,0,security,Cyber Security
3.66,95,53,96,4,9,4,1,4,2,1,data,Data Science
3.31,72,56,63,1,9,8,6,5,0,0,web,Web Development
2.75,49,73,55,2,6,5,7,7,1,3,ai,Data Science
3.52,54,95,79,4,5,3,8,7,1,3,security,Cloud / DevOps Engineering
3.32,64,98,89,2,4,2,7,9,3,3,security,Data Science
3.23,81,99,59,5,1,6,2,2,2,1,data,AI / Machine Learning Engineering
3.51,76,43,69,5,5,2,8,6,3,0,web,Web Development
3.67,64,59,73,9,4,2,8,3,1,1,data,AI / Machine Learning Engineering
3.25,69,65,87,4,7,9,0,4,2,3,cloud,Web Development
3.83,83,50,69,2,0,3,1,1,2,3,security,Cyber Security
3.07,54,60,74,8,4,4,3,3,3,0,security,AI / Machine Learning Engineering
3.47,66,73,95,5,3,4,7,2,2,5,cloud,Cloud / DevOps Engineering
3.42,67,59,84,6,8,6,8,2,2,3,data,Web Development
3.19,64,53,50,4,2,8,8,3,2,3,cloud,Cloud / DevOps Engineering
3.0,51,74,50,1,4,4,4,3,0,2,web,Web Development
2.81,61,79,60,2,5,3,8,2,3,3,data,Cloud / DevOps Engineering
3.79,40,47,62,5,5,5,8,1,0,4,web,Web Development
2.84,52,77,88,0,7,3,0,9,2,4,web,Web Development
3.25,98,78,94,8,6,2,0,7,3,2,web,Web Development
3.01,84,86,62,0,3,1,1,1,3,5,cloud,Cloud / DevOps Engineering
3.12,90,54,80,6,1,8,9,1,2,2,web,Cyber Security
3.28,42,55,69,7,1,0,8,2,2,0,data,AI / Machine Learning Engineering
3.73,77,67,60,5,1,3,2,6,0,4,cloud,Data Science
3.8,62,79,50,9,8,5,3,0,3,1,data,AI / Machine Learning Engineering
3.72,82,86,70,0,0,5,4,7,1,3,web,Data Science
3.15,82,66,81,2,1,5,4,9,0,1,data,Data Science
2.58,87,61,43,4,4,8,0,1,0,5,ai,Cyber Security
3.21,83,60,83,6,3,2,0,7,0,2,data,Data Science
2.78,63,97,58,4,6,4,7,4,0,4,web,Web Development
3.32,67,44,56,7,3,8,9,5,0,2,web,Cloud / DevOps Engineering
2.62,72,63,62,8,2,1,0,2,0,5,web,AI / Machine Learning Engineering
3.27,47,91,84,0,0,0,0,7,2,5,ai,Data Science
3.63,80,63,74,7,8,2,2,1,3,1,cloud,Web Development
3.52,48,40,75,2,1,7,6,8,1,5,ai,Data Science
2.91,73,81,99,5,1,1,9,7,2,3,cloud,Cloud / DevOps Engineering
3.22,78,40,56,8,4,4,2,4,2,0,security,AI / Machine Learning Engineering
3.29,59,71,89,1,3,4,7,5,1,3,data,Data Science
3.33,50,80,51,0,8,0,9,9,1,5,security,Web Development
3.49,83,43,75,1,2,2,0,5,3,3,security,Data Science
3.03,82,52,76,0,7,0,3,8,1,0,data,Data Science
3.2,80,74,86,1,2,8,6,8,0,1,web,Data Science
3.54,75,84,62,1,8,7,7,6,3,1,security,Web Development
3.25,88,93,93,9,4,4,9,4,1,1,data,AI / Machine Learning Engineering
4.0,63,68,82,8,3,9,9,5,0,3,web,Cloud / DevOps Engineering
2.59,76,45,46,4,8,0,6,9,2,3,web,Web Development
3.34,71,50,47,0,6,8,7,7,0,5,data,Data Science
2.92,83,65,43,9,7,8,6,4,3,3,web,Web Development
3.71,84,58,50,4,7,7,3,0,0,3,ai,Web Development
3.38,59,91,80,7,5,0,1,5,2,1,ai,AI / Machine Learning Engineering
3.13,49,85,52,2,5,7,0,0,3,2,security,Cyber Security
4.0,94,77,93,1,9,5,3,2,0,2,ai,Web Development
2.91,69,40,82,6,0,3,7,1,1,4,web,AI / Machine Learning Engineering
2.92,41,94,47,5,4,8,2,9,3,0,data,AI / Machine Learning Engineering
3.17,65,53,56,1,3,3,4,1,3,0,ai,AI / Machine Learning Engineering
3.24,50,95,90,4,2,9,2,2,0,3,web,AI / Machine Learning Engineering
2.86,87,78,85,8,3,9,2,4,0,2,data,AI / Machine Learning Engineering
2.03,92,95,91,6,4,4,8,8,0,0,data,Data Science
3.19,90,61,86,3,5,2,3,8,0,4,web,Data Science
3.02,98,86,93,3,6,7,5,4,1,4,data,Data Science
3.51,61,96,56,3,3,8,4,4,1,0,web,Cyber Security
3.53,62,97,78,8,0,1,8,8,0,5,ai,AI / Machine Learning Engineering
2.24,54,75,71,3,1,0,2,3,2,5,security,AI / Machine Learning Engineering
3.28,88,79,58,4,0,4,5,7,0,5,web,Data Science
3.35,76,47,46,7,6,2,1,6,2,2,data,Data Science
2.79,56,45,72,4,8,4,5,7,2,0,ai,AI / Machine Learning Engineering
3.42,52,59,93,6,6,6,2,5,0,3,ai,AI / Machine Learning Engineering
3.81,65,59,80,0,0,6,2,9,1,0,security,Data Science
2.73,86,77,59,8,5,3,2,3,2,1,ai,AI / Machine Learning Engineering
2.75,99,41,68,3,0,2,9,8,1,4,cloud,Cloud / DevOps Engineering
3.62,67,40,88,3,6,0,8,3,2,0,ai,Cloud / DevOps Engineering
3.19,66,93,89,2,3,4,8,3,0,2,security,Cyber Security
3.52,79,78,88,4,6,3,0,8,1,4,data,Data Science
3.84,69,87,94,9,1,5,2,3,2,4,security,AI / Machine Learning Engineering
2.65,82,64,78,0,0,5,4,8,1,2,web,Data Science
4.0,76,54,67,1,1,5,9,8,0,3,web,Data Science
3.19,77,77,60,4,0,9,4,1,2,2,cloud,Cyber Security
3.24,62,64,60,9,3,7,8,6,1,4,ai,AI / Machine Learning Engineering
3.27,61,80,93,4,9,6,0,6,3,2,web,Web Development
2.1,94,79,60,1,4,5,1,5,1,0,ai,AI / Machine Learning Engineering
3.1,50,53,78,6,5,2,5,7,3,2,web,Data Science
2.85,89,73,90,5,0,1,0,4,3,4,ai,AI / Machine Learning Engineering
3.15,88,78,92,0,0,0,8,2,2,4,web,Cloud / DevOps Engineering
3.34,90,83,90,5,8,6,2,2,1,0,cloud,Web Development
3.18,71,47,61,5,8,7,3,3,0,0,data,Web Development
2.95,79,98,94,3,3,9,1,0,0,3,web,Cyber Security
2.33,71,97,91,0,2,4,2,6,3,0,ai,Data Science
3.79,81,76,92,5,9,9,5,7,3,2,data,Data Science
3.35,65,41,89,2,9,6,1,0,3,5,security,Web Development
2.87,97,85,52,3,6,5,9,6,0,3,web,Web Development
2.52,60,71,74,4,7,1,5,8,3,5,cloud,Data Science
2.92,87,66,59,9,2,2,0,2,3,2,ai,AI / Machine Learning Engineering
3.45,71,75,71,6,9,2,2,4,0,4,web,Web Development
2.87,59,87,58,6,7,1,6,4,2,2,web,Web Development
3.2,71,50,57,6,5,1,7,6,2,4,web,Web Development
3.06,79,51,61,5,1,0,1,3,1,0,web,AI / Machine Learning Engineering
2.76,76,88,77,1,3,5,9,7,3,2,data,Data Science
2.75,84,98,86,7,4,6,7,8,2,2,data,Data Science
2.99,94,51,88,0,9,2,1,1,2,3,data,Web Development
3.04,47,68,69,7,9,6,0,3,0,4,data,Web Development
3.19,94,50,67,4,5,9,7,7,2,3,ai,Data Science
2.73,52,64,87,1,2,7,0,9,2,4,cloud,Cyber Security
3.18,83,77,58,6,8,2,1,6,2,3,web,Web Development
3.64,93,43,99,6,7,8,5,5,3,3,data,Data Science
3.75,94,47,96,5,2,9,2,0,2,4,security,Cyber Security
3.06,61,43,52,9,1,0,3,3,0,0,data,Data Science
2.83,65,86,98,6,4,0,8,6,1,5,web,Web Development
3.26,91,54,48,3,9,4,6,3,1,0,cloud,Web Development
3.81,96,96,47,7,0,7,9,2,2,2,security,Cyber Security
3.12,77,76,84,2,5,7,8,0,2,2,ai,Cyber Security
2.73,41,77,94,4,2,3,3,5,1,0,ai,AI / Machine Learning Engineering
3.16,40,81,57,7,0,7,7,1,3,5,data,AI / Machine Learning Engineering
2.54,93,81,48,9,3,7,9,2,2,4,data,AI / Machine Learning Engineering
3.05,51,62,43,6,6,0,5,8,1,5,cloud,Data Science
2.79,54,97,97,3,8,4,7,8,1,4,ai,Web Development
3.76,91,88,47,6,4,9,4,6,0,2,cloud,AI / Machine Learning Engineering
2.82,65,52,98,7,5,9,8,6,2,1,web,Cyber Security
2.59,86,40,40,8,9,5,9,4,2,0,data,Web Development
3.02,84,45,74,7,5,0,4,7,2,3,data,Data Science
2.2,45,98,89,1,3,0,8,6,3,3,data,Data Science
3.49,71,97,87,7,7,0,6,1,0,2,ai,AI / Machine Learning Engineering
2.72,98,55,67,3,9,1,2,5,3,2,ai,Web Development
2.59,55,74,69,9,5,1,1,4,0,4,ai,AI / Machine Learning Engineering
2.06,54,79,97,8,4,9,3,5,3,2,web,AI / Machine Learning Engineering
2.91,71,61,95,5,2,5,0,3,1,2,web,AI / Machine Learning Engineering
3.12,91,62,69,8,1,7,8,9,1,1,data,Data Science
3.05,41,51,96,9,1,5,0,2,1,2,data,AI / Machine Learning Engineering
3.24,52,43,78,5,1,9,7,6,2,5,data,Data Science
2.75,47,44,65,3,5,4,6,9,2,4,cloud,Cloud / DevOps Engineering
2.62,60,76,66,6,3,3,8,5,2,3,web,Cloud / DevOps Engineering
3.63,82,93,68,3,5,3,3,3,0,2,web,Web Development
3.05,59,62,50,4,5,9,3,1,0,1,web,Web Development
3.22,70,58,70,4,1,3,9,1,1,3,security,AI / Machine Learning Engineering
2.94,60,43,46,9,1,0,0,0,2,3,security,AI / Machine Learning Engineering
2.99,50,84,42,2,9,0,5,1,0,1,web,Web Development
2.78,52,95,80,5,9,4,5,5,0,3,security,Web Development
3.23,96,73,87,3,6,1,0,2,3,3,data,Data Science
3.2,49,85,53,4,1,7,1,9,3,5,data,Data Science
3.24,72,84,75,3,1,5,2,6,3,4,ai,AI / Machine Learning Engineering
3.67,53,46,85,0,8,5,1,4,0,2,web,Web Development
3.67,98,59,74,4,8,5,8,5,1,4,cloud,Cloud / DevOps Engineering
3.17,93,65,55,2,3,2,0,9,0,0,web,Data Science
2.83,66,83,51,3,3,8,6,3,2,5,cloud,Cloud / DevOps Engineering
3.17,84,61,82,2,7,3,7,9,1,2,web,Web Development
2.58,65,81,66,5,1,2,5,3,1,0,web,AI / Machine Learning Engineering
2.65,65,77,85,2,4,4,4,7,3,0,cloud,Data Science
3.28,97,50,67,5,8,6,6,1,3,2,cloud,Web Development
3.38,56,42,55,3,7,8,2,5,1,2,security,Cyber Security
4.0,89,77,66,3,0,0,4,1,3,0,web,Web Development
2.86,91,98,82,8,1,2,3,4,0,5,security,AI / Machine Learning Engineering
3.64,57,65,92,6,0,9,9,6,1,4,ai,AI / Machine Learning Engineering
3.41,78,48,93,4,6,0,4,1,3,4,data,Data Science
3.09,98,57,43,0,1,7,5,1,3,5,web,Cyber Security
3.08,90,94,88,8,9,5,4,6,0,1,ai,AI / Machine Learning Engineering
2.86,74,45,51,5,2,2,7,7,2,1,data,Data Science
3.61,99,53,52,4,8,6,6,5,1,0,cloud,Web Development
2.37,89,51,64,0,9,8,3,8,2,2,security,Cyber Security
3.91,67,72,43,8,1,2,9,7,1,5,web,Cloud / DevOps Engineering
3.65,52,89,86,8,6,2,2,6,0,1,cloud,AI / Machine Learning Engineering
2.96,94,67,67,0,2,3,0,4,1,2,data,Data Science
2.81,85,47,83,6,6,5,4,9,3,4,cloud,Data Science
2.47,82,57,62,0,4,8,6,6,2,4,ai,Cyber Security
3.67,96,70,60,9,7,0,6,3,0,5,web,Web Development
3.46,94,92,74,0,7,2,1,0,3,4,data,Web Development
3.29,55,73,68,2,6,2,8,5,2,0,web,Web Development
3.41,45,60,97,5,8,6,9,9,1,0,ai,Cloud / DevOps Engineering
3.16,59,54,57,1,3,9,9,8,3,2,data,Data Science
4.0,49,99,95,8,3,6,1,5,3,3,ai,AI / Machine Learning Engineering
3.48,64,70,89,3,6,0,1,8,0,1,web,Data Science
3.72,58,61,98,2,7,8,3,8,3,2,cloud,Data Science
3.08,67,55,91,2,9,0,6,9,1,3,data,Data Science
4.0,65,90,73,2,5,2,9,4,1,5,cloud,Cloud / DevOps Engineering
3.21,47,95,93,3,2,2,5,7,2,2,cloud,Data Science
3.64,75,76,80,0,2,4,2,3,2,5,web,Data Science
2.58,89,54,54,5,1,3,6,7,2,2,web,Data Science
3.05,46,68,94,8,5,7,5,1,0,4,security,Cyber Security
3.4,97,88,82,0,9,6,1,3,0,1,security,Cyber Security
3.65,41,48,82,3,5,5,5,1,2,4,data,Cloud / DevOps Engineering
3.21,57,66,82,0,9,8,6,3,3,5,data,Web Development
3.16,88,76,82,6,9,0,1,6,1,2,data,Web Development
2.52,97,40,43,0,3,1,4,9,1,0,data,Data Science
2.77,63,86,46,2,5,8,6,2,1,5,web,Web Development
3.65,54,85,95,5,2,7,6,2,0,3,data,AI / Machine Learning Engineering
2.88,65,55,67,0,3,9,0,8,2,3,web,Cyber Security
2.83,56,76,51,5,5,8,3,0,1,4,web,Web Development
3.52,66,96,44,1,6,9,0,6,1,5,web,Web Development
3.87,97,71,70,1,6,8,0,3,3,5,ai,Cyber Security
3.09,86,81,90,7,8,0,1,9,1,3,web,Web Development
3.65,64,76,87,4,5,8,7,7,1,0,data,Data Science
3.47,60,57,94,7,9,0,1,9,3,3,cloud,Data Science
3.58,48,52,54,4,6,2,9,3,1,0,security,Cloud / DevOps Engineering
3.24,83,72,51,0,7,2,0,6,1,2,cloud,Web Development
3.05,93,55,55,9,7,6,5,3,3,0,ai,AI / Machine Learning Engineering
2.86,43,65,50,1,0,9,0,7,1,1,security,Cyber Security
2.8,41,59,59,2,6,7,1,3,1,2,ai,Cyber Security
2.54,46,71,87,2,5,3,4,4,3,2,security,Cyber Security
3.26,47,60,96,5,7,9,7,2,2,5,ai,Cyber Security
3.43,40,51,78,3,9,1,9,4,1,0,cloud,Cloud / DevOps Engineering
3.43,96,51,48,1,7,9,4,3,1,4,cloud,Cyber Security
2.41,78,59,63,6,6,8,0,9,1,5,data,Data Science
2.85,47,60,95,5,4,8,6,7,0,2,security,Cyber Security
3.27,64,50,62,1,8,3,7,6,0,0,cloud,Cloud / DevOps Engineering
3.87,85,63,47,4,9,6,3,0,2,1,cloud,Web Development
2.91,58,97,62,5,0,7,1,4,0,1,cloud,AI / Machine Learning Engineering
3.28,97,51,41,1,4,5,1,4,2,1,cloud,Data Science
3.25,50,49,91,8,4,1,9,7,2,3,security,Cloud / DevOps Engineering
3.43,76,62,68,4,0,6,7,6,2,5,security,Cyber Security
3.54,93,67,95,2,4,1,1,6,1,4,security,Data Science
3.61,90,49,82,8,5,4,2,5,2,1,ai,AI / Machine Learning Engineering
2.93,80,53,43,8,1,9,3,4,1,1,ai,Cyber Security
3.45,62,41,88,7,7,6,7,2,2,1,cloud,Cloud / DevOps Engineering
3.48,69,83,69,3,2,5,0,5,1,0,cloud,Data Science
2.98,60,54,56,1,4,2,1,3,3,3,security,Data Science
3.13,49,71,81,8,6,4,9,9,1,5,ai,AI / Machine Learning Engineering
3.47,82,58,75,1,0,7,0,0,3,1,ai,Cyber Security
3.59,44,95,60,1,5,8,2,0,0,4,data,Cyber Security
2.52,91,83,84,1,4,7,6,6,1,2,ai,Data Science
3.48,81,81,98,3,8,0,1,3,2,0,ai,Web Development
2.99,58,51,57,0,7,2,6,0,0,3,ai,Web Development
3.71,60,88,84,0,9,6,5,1,3,5,data,Web Development
3.51,73,46,75,1,5,8,8,7,2,2,cloud,Cloud / DevOps Engineering
3.98,62,87,59,5,6,3,7,8,0,0,data,Data Science
4.0,56,43,46,8,2,6,6,6,1,5,web,AI / Machine Learning Engineering
3.36,61,49,90,2,0,6,7,1,3,1,ai,Cyber Security
2.97,63,77,43,7,2,2,3,8,0,5,ai,AI / Machine Learning Engineering
2.98,56,80,41,8,3,1,3,9,1,2,cloud,AI / Machine Learning Engineering
3.63,95,49,72,8,7,5,2,2,3,4,web,Web Development
3.02,84,46,84,1,5,8,3,8,1,1,web,Data Science
3.57,77,41,61,3,8,0,7,4,0,3,ai,Web Development
2.78,98,87,83,1,6,0,5,5,2,1,cloud,Web Development
3.26,63,66,69,9,9,6,9,4,2,5,ai,AI / Machine Learning Engineering
3.11,78,43,42,7,3,0,5,9,2,2,ai,Data Science
4.0,67,78,40,8,5,3,2,2,1,1,data,AI / Machine Learning Engineering
2.92,60,88,86,5,0,2,9,4,1,1,security,AI / Machine Learning Engineering
3.34,40,55,76,2,3,7,6,4,1,5,security,Cyber Security
2.72,47,90,93,4,7,3,7,9,1,1,ai,Data Science
3.0,93,76,61,6,6,8,7,5,3,5,ai,AI / Machine Learning Engineering
3.59,81,46,81,3,8,9,1,8,0,4,web,Data Science
2.55,92,41,97,9,1,6,1,5,0,3,cloud,AI / Machine Learning Engineering
3.23,86,42,85,6,7,5,9,0,3,1,security,Cyber Security
2.96,96,73,50,0,9,2,3,4,2,4,cloud,Web Development
3.33,46,88,65,0,4,1,8,6,3,3,web,Cloud / DevOps Engineering
3.53,55,97,58,0,4,2,5,7,2,4,data,Data Science
3.61,78,68,93,9,4,0,2,8,2,5,ai,AI / Machine Learning Engineering
3.07,80,58,98,4,1,3,6,6,3,2,web,Data Science
3.62,96,68,89,8,5,7,9,3,1,1,data,Cloud / DevOps Engineering
2.84,84,81,57,9,3,9,8,8,1,4,ai,AI / Machine Learning Engineering
3.04,70,84,48,9,0,2,1,2,1,0,ai,AI / Machine Learning Engineering
3.41,74,94,62,8,1,5,8,1,3,1,ai,AI / Machine Learning Engineering
3.72,69,46,45,5,6,2,2,9,0,5,cloud,Data Science
3.08,83,61,92,1,7,1,8,8,2,3,security,Data Science
3.61,89,81,68,6,8,0,2,4,2,0,ai,AI / Machine Learning Engineering
3.64,65,44,61,0,6,0,1,1,0,5,cloud,Web Development
3.48,89,77,81,7,1,8,7,9,0,5,ai,AI / Machine Learning Engineering
3.48,62,87,46,7,1,8,4,8,1,4,ai,AI / Machine Learning Engineering
3.05,88,58,42,1,6,8,3,4,2,2,ai,Cyber Security
3.17,63,74,61,3,6,9,2,5,2,3,ai,Cyber Security
2.78,41,77,70,2,7,9,2,9,1,0,data,Data Science
3.17,94,83,75,0,7,9,3,2,3,3,ai,Cyber Security
3.35,78,69,85,4,2,6,8,1,3,0,data,Cloud / DevOps Engineering
3.31,77,59,89,8,1,8,9,5,0,0,cloud,AI / Machine Learning Engineering
3.29,69,44,73,5,6,8,5,2,3,4,cloud,Cloud / DevOps Engineering
3.61,91,51,52,9,6,8,7,8,3,1,data,Data Science
3.09,55,80,49,7,1,0,1,6,3,1,data,Data Science
3.3,72,64,60,0,6,8,0,9,1,4,ai,Data Science
3.31,57,48,72,5,0,2,5,2,3,4,web,AI / Machine Learning Engineering
2.97,69,88,55,6,2,9,7,2,0,4,cloud,Cyber Security
2.9,67,92,77,2,3,5,6,0,2,0,cloud,Cloud / DevOps Engineering
2.81,97,70,63,9,0,7,3,9,3,4,web,Data Science
2.98,93,81,61,2,4,2,0,6,3,5,ai,Data Science
2.88,41,59,54,3,3,5,1,5,2,2,cloud,Data Science
2.15,74,48,74,2,4,6,7,6,0,4,security,Data Science
3.97,57,72,47,2,0,0,1,5,1,5,web,Data Science
3.07,67,53,83,0,5,2,7,5,2,1,data,Data Science
3.25,46,62,60,1,5,9,2,3,0,1,ai,Cyber Security
3.1,66,75,44,0,0,1,7,6,2,1,data,Data Science
3.31,89,77,43,9,1,8,6,5,3,4,web,AI / Machine Learning Engineering
3.56,46,62,46,1,9,2,9,8,3,2,web,Web Development
2.68,55,66,79,9,3,2,2,4,2,5,ai,AI / Machine Learning Engineering
3.43,41,68,72,9,1,6,7,4,1,3,web,AI / Machine Learning Engineering
3.14,79,71,44,0,7,8,9,1,0,2,cloud,Cloud / DevOps Engineering
3.17,87,47,78,2,0,5,7,5,0,2,data,Data Science
2.76,88,68,52,4,9,4,4,9,1,2,web,Web Development
2.94,88,64,50,5,3,6,4,9,1,0,data,Data Science
3.62,43,91,55,6,5,7,0,9,0,2,data,Data Science
3.11,94,75,64,7,0,1,1,7,2,0,cloud,Data Science
3.49,64,90,74,6,6,5,2,6,0,1,web,Web Development
3.98,66,87,47,6,9,0,1,3,3,0,security,Web Development
2.89,99,51,94,0,8,6,9,8,2,1,security,Data Science
2.84,44,57,55,7,8,9,3,5,2,2,ai,Cyber Security
3.39,68,55,93,5,7,3,2,6,0,1,cloud,Web Development
3.2,95,46,93,8,2,5,3,1,0,3,security,AI / Machine Learning Engineering
2.84,50,77,45,8,1,3,4,0,3,5,security,AI / Machine Learning Engineering
3.18,82,78,88,0,9,6,6,0,0,3,web,Web Development
3.24,46,97,63,8,2,3,3,8,0,2,security,AI / Machine Learning Engineering
3.39,54,96,50,1,6,3,1,6,0,4,cloud,Data Science
3.15,45,82,68,6,1,2,3,9,1,0,web,Data Science
3.54,40,52,76,3,0,3,2,1,0,5,ai,AI / Machine Learning Engineering
3.87,43,75,45,3,4,5,4,6,0,1,web,Web Development
3.6,72,41,54,5,9,1,5,0,2,4,data,Web Development
3.61,69,74,87,0,7,0,4,8,2,3,ai,Web Development
3.27,94,62,66,9,8,4,5,0,1,1,security,AI / Machine Learning Engineering
3.11,93,74,81,0,3,9,5,9,1,2,cloud,Cyber Security
2.97,41,77,54,2,5,2,7,3,3,1,data,Web Development
2.61,59,73,82,9,6,5,9,4,2,0,web,Web Development
2.89,61,59,57,0,0,7,3,4,2,3,data,Data Science
4.0,88,50,90,2,4,0,9,5,2,1,ai,Cloud / DevOps Engineering
3.61,71,81,71,9,2,0,7,9,1,1,ai,AI / Machine Learning Engineering
2.84,99,79,84,3,8,8,5,1,3,1,cloud,Web Development
3.59,76,78,58,5,4,0,9,5,1,4,web,Web Development
3.7,52,57,98,7,1,0,9,2,0,3,web,Cloud / DevOps Engineering
2.97,80,62,46,7,6,8,8,5,2,1,cloud,Cloud / DevOps Engineering
3.56,68,97,53,3,3,4,7,9,3,4,cloud,Data Science
3.07,57,49,81,6,1,0,6,4,0,3,ai,AI / Machine Learning Engineering
2.88,52,40,44,0,6,0,0,1,0,5,data,Data Science
3.0,60,52,98,1,4,5,0,3,3,0,web,Web Development
3.41,73,82,49,5,5,1,1,1,3,1,data,Web Development
2.69,77,98,50,4,3,3,4,1,0,1,data,AI / Machine Learning Engineering
3.64,69,64,79,6,9,7,5,8,2,1,ai,AI / Machine Learning Engineering
3.01,80,52,70,4,5,1,7,8,3,1,data,Data Science
3.18,50,80,42,1,3,1,0,5,2,1,data,Data Science
3.34,42,42,83,5,0,3,0,2,0,5,cloud,AI / Machine Learning Engineering
3.35,77,86,69,4,3,3,3,8,3,3,ai,Data Science
2.95,67,92,41,9,5,9,8,0,1,4,data,AI / Machine Learning Engineering
3.6,53,55,98,4,0,0,2,5,0,5,cloud,Data Science
2.64,85,77,85,7,8,5,8,3,1,0,security,AI / Machine Learning Engineering
3.62,64,47,55,5,3,0,5,2,1,5,cloud,Cloud / DevOps Engineering
3.03,66,50,88,4,6,2,8,7,0,2,cloud,Cloud / DevOps Engineering
3.5,57,90,48,7,6,3,0,7,3,2,security,AI / Machine Learning Engineering
3.0,83,87,76,3,8,4,8,8,1,1,cloud,Cloud / DevOps Engineering
3.51,62,48,93,1,0,1,0,9,1,0,cloud,Data Science
3.03,73,41,66,9,2,6,0,7,3,3,cloud,AI / Machine Learning Engineering
2.8,41,99,58,7,7,5,9,8,2,3,web,Web Development
3.56,86,77,78,0,5,7,4,6,1,5,ai,Cyber Security
3.13,54,60,91,4,7,3,8,6,1,4,web,Web Development
3.13,89,82,57,6,1,9,7,5,1,5,security,Cyber Security
2.9,71,96,74,7,5,4,0,3,2,0,ai,AI / Machine Learning Engineering
3.66,48,76,59,1,5,9,1,6,2,0,web,Web Development
3.64,97,58,63,9,7,1,3,9,0,0,cloud,Data Science
2.68,64,88,45,9,7,2,8,1,1,0,data,AI / Machine Learning Engineering
2.82,49,77,53,0,8,2,4,6,2,2,ai,Web Development
2.73,75,66,50,4,8,0,3,6,2,0,cloud,Data Science
2.44,82,55,72,6,9,8,8,2,1,5,security,Web Development
3.25,54,65,40,7,3,8,0,1,1,5,web,Cyber Security
2.51,70,61,76,1,3,9,4,9,3,1,data,Data Science
3.72,96,88,87,7,0,7,0,4,3,5,data,Data Science
2.84,99,85,75,0,0,3,1,2,2,0,web,Data Science
2.83,63,63,48,5,0,8,2,5,1,4,security,Cyber Security
3.21,85,60,49,6,3,3,6,8,2,2,cloud,Data Science
3.07,61,92,82,2,4,0,2,3,3,4,data,Web Development
3.17,77,60,48,1,9,7,9,8,0,2,ai,Cloud / DevOps Engineering
3.42,41,89,89,0,0,6,4,2,0,2,data,Data Science
3.39,82,75,98,3,2,9,7,6,0,0,data,Cloud / DevOps Engineering
3.52,42,88,83,9,7,4,3,9,3,4,data,Data Science
2.96,97,70,98,0,2,2,4,2,0,0,ai,AI / Machine Learning Engineering
3.4,62,43,60,4,4,9,8,9,2,5,web,Data Science
2.29,96,98,53,0,5,0,6,2,1,0,ai,Web Development
3.52,63,49,80,2,1,3,1,0,3,2,web,AI / Machine Learning Engineering
3.7,63,61,84,6,1,7,4,6,0,4,cloud,Data Science
3.55,97,65,40,3,6,5,9,0,0,3,ai,Cloud / DevOps Engineering
3.44,40,81,48,2,2,9,8,9,2,1,ai,Cyber Security
3.06,58,64,86,5,0,4,6,3,3,1,cloud,Cloud / DevOps Engineering
2.57,43,69,59,2,6,2,1,9,3,3,cloud,Data Science
3.36,71,63,85,2,4,6,0,6,0,3,ai,Web Development
3.25,72,49,55,3,3,0,2,4,1,0,security,Data Science
3.36,51,45,80,6,4,1,0,1,0,2,cloud,AI / Machine Learning Engineering
3.4,70,72,86,1,8,6,5,8,2,5,ai,Web Development
3.64,44,51,80,2,2,0,8,5,1,3,data,Data Science
3.6,44,53,42,6,6,1,6,5,1,0,cloud,Cloud / DevOps Engineering
2.86,88,48,91,1,7,1,4,5,2,4,cloud,Web Development
3.28,62,63,44,4,0,8,5,8,2,4,security,Cyber Security
3.23,95,75,65,9,0,4,0,6,3,2,data,AI / Machine Learning Engineering
2.89,99,77,79,0,9,8,2,2,3,2,cloud,Web Development
3.5,53,79,43,6,3,2,5,3,1,2,data,Data Science
2.95,62,66,45,9,1,2,1,2,0,5,web,AI / Machine Learning Engineering
2.57,70,45,92,4,9,2,7,7,3,3,data,Web Development
3.41,41,81,40,3,8,8,3,8,2,3,web,Web Development
3.08,87,47,52,6,8,6,0,1,3,5,ai,AI / Machine Learning Engineering
2.88,97,74,94,9,2,4,6,2,0,4,cloud,Cloud / DevOps Engineering
2.89,85,61,52,4,0,2,0,3,1,2,cloud,AI / Machine Learning Engineering
2.96,63,44,80,9,4,4,1,2,1,0,web,Web Development
3.92,78,82,82,1,0,1,6,6,1,5,web,Data Science
4.0,56,53,80,2,9,2,1,7,2,4,web,Web Development
2.93,82,76,41,9,6,7,8,6,1,1,data,Data Science
3.24,85,68,89,3,5,3,8,3,1,5,security,Cloud / DevOps Engineering
2.91,57,86,76,0,8,6,2,3,0,5,web,Web Development
3.48,83,40,90,7,8,6,6,7,1,2,web,Web Development
2.86,59,94,90,0,3,2,0,1,2,4,security,Cyber Security
2.71,94,58,52,5,7,6,9,5,0,0,data,Cloud / DevOps Engineering
3.14,75,58,46,9,7,5,2,5,2,1,cloud,AI / Machine Learning Engineering
3.12,92,69,42,9,6,0,8,8,0,0,security,Data Science
3.07,49,52,68,2,5,7,8,5,0,3,web,Web Development
3.61,64,69,57,9,0,9,7,8,2,3,security,Cyber Security
3.48,94,47,41,5,5,9,4,9,1,2,ai,Data Science
2.58,96,68,64,4,2,1,7,5,1,2,cloud,Cloud / DevOps Engineering
3.21,52,67,40,2,5,7,3,4,0,5,web,Web Development
4.0,73,50,73,0,9,1,6,8,1,1,web,Web Development
3.05,75,48,55,3,2,0,6,5,1,3,ai,Data Science
3.44,49,99,40,3,9,9,8,7,2,3,cloud,Web Development
2.9,93,82,81,0,5,3,2,1,2,0,ai,AI / Machine Learning Engineering
3.33,64,71,69,9,8,3,2,1,0,3,web,Web Development
3.38,61,66,49,9,9,2,9,5,1,0,security,AI / Machine Learning Engineering
3.51,43,79,98,7,2,3,2,9,1,3,data,Data Science
3.3,69,78,93,6,2,2,0,3,3,1,data,AI / Machine Learning Engineering
2.93,51,72,95,6,0,9,9,5,0,1,ai,Cyber Security
3.45,50,71,45,2,0,1,4,9,0,1,ai,Data Science
3.22,56,87,59,9,2,9,4,9,0,1,cloud,AI / Machine Learning Engineering
3.35,54,61,98,5,3,7,4,6,0,4,web,Cyber Security
2.79,56,89,89,7,7,1,5,4,2,4,security,AI / Machine Learning Engineering
2.84,75,72,65,7,0,7,6,8,3,4,data,Data Science
2.78,53,50,46,9,8,3,9,2,3,0,ai,AI / Machine Learning Engineering
3.4,89,75,67,7,4,4,9,2,0,5,data,AI / Machine Learning Engineering
2.99,58,55,70,2,2,6,9,1,1,4,cloud,Cloud / DevOps Engineering
2.83,92,55,63,4,3,7,6,5,0,5,data,Data Science
3.62,65,82,87,6,9,4,0,5,3,1,web,Web Development
3.3,45,98,64,8,7,8,3,5,0,4,security,Cyber Security
3.18,70,69,96,1,2,1,1,9,2,2,web,Data Science
3.96,67,52,64,2,6,5,7,2,2,3,data,Data Science
3.0,93,81,94,9,6,3,5,6,0,4,data,Data Science
2.83,80,42,71,4,3,9,5,9,3,2,security,Cyber Security
3.56,54,66,92,8,8,9,0,7,3,5,ai,AI / Machine Learning Engineering
2.88,63,72,55,7,6,7,0,5,2,5,cloud,AI / Machine Learning Engineering
3.02,84,79,98,9,5,0,9,4,2,4,data,AI / Machine Learning Engineering
3.09,76,80,53,9,3,3,7,0,3,4,cloud,AI / Machine Learning Engineering
2.5,93,55,49,5,5,0,4,5,3,4,cloud,Web Development
2.51,54,44,52,2,6,4,4,5,2,1,web,Web Development
2.62,76,96,81,3,4,3,1,0,3,3,security,Web Development
3.0,51,68,83,0,4,9,9,3,2,4,security,Cyber Security
3.02,43,44,44,8,8,5,3,1,1,2,cloud,AI / Machine Learning Engineering
2.99,42,48,75,0,0,6,6,1,0,0,web,Cyber Security
3.3,98,50,76,0,8,0,5,0,2,1,web,Web Development
2.93,95,96,49,3,8,6,4,4,0,1,data,Web Development
3.47,78,47,58,5,9,5,0,5,3,4,ai,Web Development
3.67,52,71,76,3,8,8,0,1,3,4,cloud,Web Development
3.2,73,73,64,3,3,6,9,9,0,1,web,Data Science
3.91,54,62,62,1,2,9,9,3,2,1,data,Cloud / DevOps Engineering
3.53,52,52,82,0,5,1,2,3,1,5,ai,Web Development
3.7,77,96,72,5,4,5,7,4,1,3,ai,AI / Machine Learning Engineering
3.2,56,63,60,1,0,2,8,0,3,1,ai,AI / Machine Learning Engineering
3.27,67,41,96,7,4,2,6,1,0,2,data,AI / Machine Learning Engineering
3.6,93,56,53,5,9,2,3,5,3,0,web,Web Development
3.41,60,40,76,4,8,0,4,6,2,5,data,Web Development
3.57,81,69,91,3,9,4,2,7,2,4,data,Data Science
4.0,91,59,87,7,1,3,1,0,1,4,security,Cyber Security
2.87,53,44,80,7,1,6,6,0,0,3,data,AI / Machine Learning Engineering
2.62,63,79,62,5,5,9,5,7,0,4,ai,AI / Machine Learning Engineering
3.2,92,79,69,4,0,8,3,1,3,5,data,Cyber Security
2.73,63,83,53,7,6,4,2,8,1,2,cloud,AI / Machine Learning Engineering
2.67,74,52,51,1,4,6,9,9,2,4,cloud,Data Science
2.71,69,73,66,7,6,3,8,8,3,5,cloud,Cloud / DevOps Engineering
3.19,87,98,53,7,8,5,9,1,1,5,cloud,Cloud / DevOps Engineering
3.92,97,62,53,5,8,6,3,6,1,5,security,Web Development
2.29,74,85,61,6,7,6,2,5,0,4,ai,Web Development
3.65,44,89,81,6,5,8,9,4,0,0,security,Cyber Security
3.29,40,93,69,3,0,8,3,5,0,3,ai,Cyber Security
3.78,90,83,71,1,4,0,2,0,0,2,security,Web Development
2.96,89,54,51,0,8,1,5,0,3,0,web,Web Development
2.56,49,90,58,2,6,3,3,2,1,2,ai,Web Development
3.62,59,81,84,1,5,0,5,9,0,5,ai,Data Science
3.21,49,87,94,1,5,7,6,0,0,1,cloud,Cloud / DevOps Engineering
3.44,55,55,79,6,5,1,5,8,2,1,ai,Data Science
3.28,54,72,96,6,5,1,2,0,2,1,security,AI / Machine Learning Engineering
3.29,79,86,60,8,3,8,6,5,3,1,web,AI / Machine Learning Engineering
2.9,40,45,44,8,6,1,6,2,3,0,web,Web Development
2.96,69,88,78,0,5,9,9,7,2,3,ai,Cloud / DevOps Engineering
3.73,94,89,87,1,7,9,9,9,0,1,web,Web Development
3.64,88,81,83,1,9,3,0,3,0,3,data,Web Development
3.3,58,53,79,0,2,9,0,7,0,4,ai,Data Science
3.48,47,52,87,2,0,8,8,5,1,0,security,Cyber Security
4.0,49,67,96,5,7,3,2,0,1,3,web,Web Development
3.61,51,93,44,9,8,0,2,2,3,2,ai,AI / Machine Learning Engineering
2.51,93,82,58,5,8,8,9,2,2,3,cloud,Cloud / DevOps Engineering
3.2,60,83,87,1,5,2,5,4,1,1,web,Web Development
3.83,86,99,68,2,9,3,5,2,2,0,ai,Web Development
3.42,58,50,87,4,4,9,1,9,3,4,security,Cyber Security
3.37,43,83,95,9,3,1,1,0,0,5,cloud,AI / Machine Learning Engineering
3.21,76,71,65,1,5,0,6,3,3,4,ai,Web Development
3.0,98,84,66,3,1,5,1,4,1,2,data,Data Science
3.07,68,96,76,4,4,5,1,5,1,2,security,Cyber Security
3.54,40,65,67,4,9,8,5,7,1,0,data,Data Science
2.96,81,71,67,6,7,9,7,7,2,1,web,Web Development
3.42,89,46,60,4,4,6,8,7,1,0,security,Data Science
3.35,56,70,49,0,5,0,4,3,0,5,data,Data Science
3.31,41,55,69,5,5,6,4,7,2,1,web,Web Development
3.11,73,44,57,6,8,8,5,0,3,4,web,Web Development
3.8,87,62,59,8,9,1,4,3,0,3,cloud,AI / Machine Learning Engineering
3.59,66,56,72,1,9,9,4,3,0,3,web,Web Development
3.11,77,82,55,4,6,2,0,8,1,4,security,Data Science
3.62,84,45,67,4,0,6,5,1,2,5,ai,AI / Machine Learning Engineering
2.93,46,53,89,0,5,2,4,1,2,0,web,Web Development
2.55,83,86,78,5,4,9,1,4,0,0,security,Cyber Security
3.6,87,42,68,2,3,6,6,1,3,4,data,Data Science
3.97,60,97,54,3,7,0,4,9,0,1,cloud,Data Science
2.59,57,86,56,9,2,9,4,5,2,0,data,AI / Machine Learning Engineering
3.82,84,49,41,7,5,1,0,5,0,5,cloud,AI / Machine Learning Engineering
3.63,43,90,91,9,6,9,7,0,0,4,cloud,AI / Machine Learning Engineering
3.1,86,90,87,8,4,2,2,2,1,5,ai,AI / Machine Learning Engineering
3.54,77,52,81,2,7,1,2,7,3,0,security,Data Science
3.34,72,47,51,9,4,7,9,9,0,3,cloud,Cloud / DevOps Engineering
3.68,88,53,81,0,5,2,2,5,0,2,ai,Data Science
3.21,89,70,62,0,3,8,3,2,1,1,ai,Cyber Security
3.1,42,90,79,3,3,2,0,7,2,0,data,Data Science
3.2,85,57,61,8,0,5,7,9,0,1,web,Data Science
3.11,89,87,44,7,4,9,7,7,0,1,data,Data Science
3.84,76,48,42,7,5,3,8,4,3,1,ai,AI / Machine Learning Engineering
3.35,77,51,58,9,0,0,8,8,0,0,data,Data Science
2.87,47,89,88,1,8,4,7,2,2,1,web,Web Development
3.23,59,80,75,4,7,0,0,8,0,3,web,Web Development
3.48,53,48,69,7,3,1,8,3,0,1,ai,AI / Machine Learning Engineering
3.1,76,62,46,8,2,9,3,9,3,4,security,Cyber Security
4.0,55,40,87,1,7,6,0,4,1,5,data,Web Development
2.95,40,92,56,8,6,2,8,1,3,0,cloud,Cloud / DevOps Engineering
3.25,84,94,45,4,4,8,0,8,1,3,cloud,Data Science
3.59,97,57,96,2,5,5,1,6,0,3,ai,Web Development
3.43,79,90,55,9,3,6,6,7,1,2,security,Cyber Security
3.18,90,51,92,9,8,5,2,9,0,5,web,Web Development
3.02,83,56,99,1,4,0,7,0,0,0,web,Web Development
3.17,84,55,78,0,7,7,3,7,3,4,data,Data Science
2.34,81,67,95,3,9,9,6,4,0,3,cloud,Web Development
2.72,85,44,89,9,1,6,8,4,2,3,web,AI / Machine Learning Engineering
3.92,93,78,56,2,5,2,6,8,2,5,cloud,Data Science
2.98,79,78,94,3,1,4,2,8,1,0,ai,Data Science
2.71,95,77,92,4,9,9,7,6,3,3,data,Data Science
2.7,82,44,72,3,7,5,0,0,2,5,web,Web Development
3.12,63,75,73,9,5,1,2,0,0,0,security,AI / Machine Learning Engineering
3.4,59,41,74,6,2,4,9,5,1,5,ai,Cloud / DevOps Engineering
3.36,55,64,99,7,5,5,0,1,3,2,data,Web Development
2.57,88,88,75,0,1,3,6,1,3,4,web,Web Development
3.64,85,56,84,2,6,8,1,6,0,1,security,Cyber Security
2.65,95,80,94,3,8,3,3,8,1,3,security,Data Science
3.07,59,53,71,1,7,8,3,3,0,1,data,Cyber Security
2.9,74,56,48,8,2,3,6,1,3,2,ai,AI / Machine Learning Engineering
2.74,48,52,45,2,4,1,6,9,2,5,security,Data Science
3.17,90,86,75,8,8,1,4,0,3,1,cloud,AI / Machine Learning Engineering
2.68,91,90,81,4,3,8,7,6,2,4,web,Cyber Security
2.6,72,68,89,6,9,2,4,7,0,4,cloud,Web Development
2.47,60,76,47,2,5,2,1,7,0,0,ai,Web Development
3.38,52,80,41,1,4,0,7,4,3,1,cloud,Cloud / DevOps Engineering
3.26,84,40,50,5,3,2,4,8,1,1,ai,AI / Machine Learning Engineering
2.97,66,91,88,9,4,0,5,9,1,0,security,AI / Machine Learning Engineering
3.27,50,52,51,5,1,4,2,6,3,0,ai,AI / Machine Learning Engineering
3.09,51,57,48,0,4,0,4,7,3,2,web,Data Science
2.95,55,88,77,9,6,9,9,0,3,0,web,AI / Machine Learning Engineering
2.85,86,64,89,5,3,6,5,9,1,0,data,Data Science
3.22,41,87,43,0,6,3,7,8,3,0,data,Data Science
3.01,77,55,99,4,0,5,8,2,2,2,data,Cloud / DevOps Engineering
2.79,80,82,60,2,4,4,4,6,0,0,cloud,Data Science
2.63,95,71,95,0,5,8,7,2,2,0,cloud,Cloud / DevOps Engineering
3.36,59,52,84,0,3,3,7,3,3,4,security,Cloud / DevOps Engineering
4.0,69,92,80,5,3,6,1,3,0,3,data,AI / Machine Learning Engineering
2.64,78,65,82,3,6,9,5,5,1,5,security,Cyber Security
3.13,52,93,68,5,8,8,4,4,0,5,security,Cyber Security
3.12,65,56,93,2,3,8,2,0,2,4,web,Cyber Security
3.37,42,66,54,9,1,5,7,6,2,5,data,AI / Machine Learning Engineering
3.94,95,94,64,9,0,8,6,0,0,4,web,AI / Machine Learning Engineering
3.51,50,60,69,1,2,2,4,4,1,4,web,Web Development
3.24,99,77,51,3,0,3,8,0,1,2,security,Cloud / DevOps Engineering
2.49,62,66,66,6,3,6,1,0,3,1,data,AI / Machine Learning Engineering
3.9,53,98,77,1,7,3,4,7,1,2,cloud,Web Development
3.76,81,83,56,4,5,2,6,5,3,2,web,Web Development
3.24,81,89,48,0,1,1,5,6,0,2,data,Data Science
3.01,78,65,47,7,3,6,9,0,3,5,web,Cloud / DevOps Engineering
2.96,91,67,96,8,5,8,3,0,1,4,web,AI / Machine Learning Engineering
2.22,98,44,98,1,6,9,8,6,3,4,web,Cyber Security
3.41,56,92,53,1,8,6,9,7,1,0,web,Web Development
3.49,67,58,59,6,7,6,5,8,0,2,ai,AI / Machine Learning Engineering
3.46,92,92,95,6,8,3,9,3,1,2,data,Web Development
3.26,66,80,77,1,1,8,9,7,1,5,ai,Cyber Security
3.34,73,67,66,7,0,0,3,6,0,4,web,AI / Machine Learning Engineering
3.01,56,76,52,3,0,9,7,7,0,2,data,Data Science
2.83,91,68,55,0,0,9,4,2,0,4,security,Cyber Security
3.41,40,76,96,5,9,1,8,5,0,4,data,Web Development
3.12,85,70,73,2,8,8,5,9,1,5,ai,Cyber Security
2.78,97,93,78,4,0,5,9,4,1,2,cloud,Cloud / DevOps Engineering
3.71,74,74,61,4,5,6,2,4,3,3,security,Cyber Security
2.78,77,92,58,4,2,4,4,1,1,5,data,Web Development
4.0,61,59,55,6,6,1,1,1,2,5,security,AI / Machine Learning Engineering
2.97,93,71,75,2,5,1,7,0,3,0,security,Web Development
3.59,89,97,57,0,6,1,9,4,0,2,web,Web Development
3.12,55,59,63,2,2,2,7,3,0,1,security,Cloud / DevOps Engineering
4.0,80,88,49,1,2,6,8,2,3,0,web,Web Development
3.43,50,94,50,7,8,1,2,1,1,3,web,Web Development
3.42,81,72,77,2,2,3,3,6,2,2,web,Data Science
2.89,62,89,50,0,1,2,1,2,1,2,cloud,Cyber Security
3.66,57,52,90,4,3,1,9,1,1,5,security,Cloud / DevOps Engineering
3.48,91,75,67,9,3,5,8,4,3,3,ai,AI / Machine Learning Engineering
3.65,48,54,75,8,8,6,7,2,2,4,ai,AI / Machine Learning Engineering
3.07,54,49,82,6,2,2,1,8,2,3,ai,AI / Machine Learning Engineering
2.64,49,52,86,6,1,6,3,3,0,3,security,Cyber Security
2.88,52,67,53,5,3,5,9,3,3,4,security,Cyber Security
2.73,57,84,68,0,4,1,9,9,1,3,web,Data Science
3.58,54,76,54,1,1,8,4,4,2,5,ai,Cyber Security
3.21,46,69,52,2,7,8,6,5,3,4,cloud,Web Development
3.06,90,63,91,7,4,2,3,3,3,5,ai,AI / Machine Learning Engineering
2.71,63,83,96,4,7,3,4,2,0,3,data,Web Development
2.16,73,95,50,2,9,5,5,3,0,1,ai,Web Development
3.11,53,76,94,0,1,8,2,5,2,0,data,Cyber Security
3.34,68,89,84,3,0,3,6,2,3,1,ai,AI / Machine Learning Engineering
3.28,49,85,81,9,3,5,8,2,2,0,web,Web Development
3.53,94,48,97,9,3,4,7,0,3,5,web,AI / Machine Learning Engineering
3.66,40,61,57,4,5,7,8,5,0,3,security,Cyber Security
3.95,79,70,42,0,1,9,9,6,1,3,web,Cyber Security
2.85,98,84,42,2,4,5,1,2,1,2,web,Web Development
3.25,66,85,45,5,0,8,4,0,3,5,web,AI / Machine Learning Engineering
3.27,98,94,69,3,6,4,5,6,2,4,data,Data Science
3.49,74,46,89,1,2,3,5,7,3,1,data,Data Science
3.18,92,82,57,6,8,8,0,6,0,5,ai,AI / Machine Learning Engineering
3.05,71,47,70,4,7,9,7,8,1,2,web,Web Development
2.61,76,80,80,1,1,2,6,2,0,5,data,Data Science
3.22,65,47,73,1,9,9,7,5,3,3,cloud,Cyber Security
3.82,81,88,43,2,7,6,6,7,1,1,security,Data Science
2.97,87,40,92,0,9,7,1,5,1,1,web,Web Development
3.48,41,41,98,0,9,1,5,2,1,4,ai,Web Development
3.7,49,70,84,5,6,3,6,9,2,3,web,Web Development
3.58,77,63,53,8,0,0,7,6,0,2,web,AI / Machine Learning Engineering
3.93,68,94,79,0,3,3,4,3,0,4,web,Web Development
3.29,66,61,90,4,1,6,2,0,1,2,cloud,Cyber Security
3.09,76,91,79,3,3,1,0,3,2,3,ai,AI / Machine Learning Engineering
3.52,45,87,50,9,3,2,8,9,3,4,cloud,AI / Machine Learning Engineering
3.1,95,70,43,2,1,3,9,3,0,1,cloud,Cloud / DevOps Engineering
2.94,72,57,53,5,4,0,0,3,3,3,cloud,AI / Machine Learning Engineering
4.0,94,41,41,5,6,2,3,2,2,3,security,Web Development
3.45,57,97,79,7,7,0,0,9,3,5,cloud,Data Science
3.53,75,46,49,9,0,3,1,8,3,4,cloud,AI / Machine Learning Engineering
3.43,94,48,54,4,1,4,3,7,3,4,web,Data Science
2.82,60,85,97,6,0,7,2,6,3,2,cloud,Cyber Security
3.19,44,74,89,3,3,7,7,4,0,5,ai,AI / Machine Learning Engineering
3.07,94,92,55,7,8,1,3,8,0,2,data,Data Science
3.13,89,71,70,6,7,0,8,3,3,1,data,Data Science
3.3,50,45,40,8,5,9,0,0,3,5,web,Cyber Security
2.81,58,85,84,1,3,4,1,0,1,2,ai,AI / Machine Learning Engineering
3.59,91,56,90,2,0,8,0,8,0,1,web,Cyber Security
3.54,77,97,83,8,8,6,9,8,0,4,security,AI / Machine Learning Engineering
2.81,62,54,69,1,3,1,7,6,0,1,data,Data Science
3.54,41,73,92,4,3,9,9,2,3,1,data,Cyber Security
2.16,60,60,57,4,2,3,1,3,0,0,security,Cyber Security
3.23,84,71,43,4,0,0,6,8,0,1,ai,Data Science
2.89,74,56,57,0,4,9,1,2,3,1,data,Cyber Security
3.3,59,99,87,8,0,0,3,2,2,2,web,AI / Machine Learning Engineering
2.73,69,79,62,7,3,5,2,7,3,2,data,Data Science
2.62,91,87,75,3,5,3,6,6,0,4,ai,AI / Machine Learning Engineering
3.21,78,69,65,6,6,4,0,1,0,0,data,Web Development
3.73,54,74,45,8,7,9,3,1,0,5,ai,AI / Machine Learning Engineering
3.77,59,55,42,0,4,9,7,8,2,3,data,Data Science
3.17,81,73,66,4,7,2,8,6,0,0,ai,Data Science
3.63,76,52,83,9,6,2,2,2,3,3,web,Web Development
3.45,77,62,92,8,3,9,0,7,2,1,security,Cyber Security
3.41,81,84,70,9,9,5,0,4,1,3,ai,AI / Machine Learning Engineering
3.29,93,44,49,3,1,4,4,6,0,3,cloud,Data Science
2.57,89,41,70,8,3,2,0,1,1,0,cloud,AI / Machine Learning Engineering
3.77,45,42,44,8,6,3,6,4,2,4,cloud,Cloud / DevOps Engineering
3.23,59,78,42,4,0,9,2,7,0,0,web,Cyber Security
3.04,82,48,62,9,1,5,7,1,3,4,cloud,Cloud / DevOps Engineering
2.46,70,72,63,0,4,5,2,6,1,1,web,Web Development
2.76,86,79,57,2,6,9,3,8,1,5,cloud,Data Science
3.35,48,90,90,0,1,2,1,7,1,0,cloud,Data Science
3.28,89,79,48,7,5,9,0,6,0,5,ai,AI / Machine Learning Engineering
3.58,48,77,45,2,4,9,6,2,1,4,data,Cyber Security
2.59,40,53,47,1,2,1,3,0,2,4,cloud,Cloud / DevOps Engineering
3.69,49,53,85,3,5,5,4,0,2,1,cloud,Web Development
2.97,98,77,82,9,0,1,2,8,0,1,cloud,AI / Machine Learning Engineering
3.05,88,79,60,6,6,6,5,7,0,3,data,Data Science
3.52,83,85,75,5,4,3,8,5,1,1,ai,Cloud / DevOps Engineering
3.08,61,90,92,9,4,0,2,2,0,4,web,AI / Machine Learning Engineering
3.4,92,79,56,6,6,8,1,2,3,0,web,Web Development
2.94,96,77,54,8,5,1,0,7,2,0,web,Data Science
3.31,75,92,93,8,3,5,0,1,3,3,data,AI / Machine Learning Engineering
3.48,84,69,71,0,5,5,3,6,2,3,cloud,Data Science
2.9,49,57,86,1,0,7,5,5,1,1,cloud,Cloud / DevOps Engineering
3.48,91,93,67,6,3,9,5,8,1,5,ai,AI / Machine Learning Engineering
3.19,90,58,51,7,4,7,5,1,2,3,ai,AI / Machine Learning Engineering
3.19,49,44,62,1,8,7,4,1,1,3,ai,Web Development
3.56,95,78,73,6,2,8,7,4,2,2,cloud,Cyber Security
3.2,41,58,77,9,8,7,9,8,3,3,ai,AI / Machine Learning Engineering
3.79,66,60,44,2,4,3,0,8,2,1,data,Data Science
3.21,45,41,63,7,0,0,0,3,3,0,security,AI / Machine Learning Engineering
3.68,56,44,53,1,0,2,6,0,2,1,web,Cloud / DevOps Engineering
2.54,51,57,88,2,1,0,0,1,0,4,cloud,Data Science
3.14,72,62,97,7,7,6,1,4,3,4,web,Web Development
3.35,62,52,56,8,9,0,4,6,3,1,web,Web Development
2.4,72,54,89,2,4,7,5,2,1,5,web,Cyber Security
2.95,70,57,80,2,5,3,0,8,2,5,ai,Data Science
3.01,74,65,96,4,1,2,7,3,1,1,data,AI / Machine Learning Engineering
3.22,82,82,78,4,1,5,6,5,0,5,cloud,Cloud / DevOps Engineering
3.33,94,94,43,0,5,2,4,3,2,4,web,Web Development
3.14,52,75,60,4,7,3,3,6,2,4,web,Web Development
3.08,70,59,94,7,8,4,2,3,2,1,web,Web Development
2.91,92,40,42,2,3,9,5,4,0,5,data,Data Science
2.87,76,87,48,3,5,2,2,4,3,5,security,Web Development
2.69,97,57,96,6,5,6,7,0,3,2,web,Web Development
3.55,53,61,91,2,7,7,5,8,3,1,cloud,Data Science
3.55,48,59,95,2,3,9,3,5,2,0,web,Cyber Security
2.52,82,83,76,9,8,7,6,4,0,0,web,Web Development
3.46,79,65,71,8,6,7,4,0,3,1,ai,AI / Machine Learning Engineering
3.68,68,61,59,5,0,9,7,0,2,4,web,Cyber Security
2.91,47,60,92,9,2,6,5,0,3,5,web,AI / Machine Learning Engineering
3.24,96,48,73,3,8,3,7,9,3,2,security,Data Science
2.94,67,85,45,6,9,9,5,0,2,2,data,Web Development
3.2,92,42,65,1,0,9,1,7,2,2,web,Cyber Security
3.22,72,97,88,0,9,7,7,6,1,3,ai,Web Development
2.94,68,75,90,4,4,4,3,7,2,3,ai,AI / Machine Learning Engineering
3.67,93,82,68,1,1,5,9,4,1,4,data,Data Science
2.95,89,99,73,5,0,5,4,5,0,0,data,Data Science
3.03,56,84,53,4,9,7,5,6,2,4,ai,AI / Machine Learning Engineering
3.09,76,42,75,6,4,3,0,5,2,1,data,Data Science
3.44,89,91,45,3,9,6,2,5,0,3,web,Web Development
2.56,58,48,43,2,7,0,4,0,2,4,web,Web Development
3.06,45,70,77,6,0,6,1,5,0,4,web,AI / Machine Learning Engineering
3.33,94,66,85,8,8,0,0,9,3,3,web,Web Development
3.21,85,64,54,8,1,0,9,9,0,1,cloud,Cloud / DevOps Engineering
3.18,89,91,89,0,2,3,9,4,0,5,data,Data Science
3.25,51,48,49,9,8,9,2,2,2,5,cloud,AI / Machine Learning Engineering
3.45,85,58,63,3,3,7,0,8,1,3,ai,AI / Machine Learning Engineering
2.99,67,96,86,8,8,5,8,2,0,1,ai,AI / Machine Learning Engineering
3.87,95,88,81,6,3,5,8,4,3,4,data,AI / Machine Learning Engineering
3.52,53,87,67,4,5,5,0,4,0,3,data,Data Science
3.11,77,62,91,1,8,8,3,2,1,5,web,Web Development
3.03,78,55,89,2,3,3,9,7,1,5,security,Cloud / DevOps Engineering
2.9,60,80,96,2,6,5,3,4,1,1,security,Web Development
3.41,62,40,94,9,4,0,5,6,0,0,data,AI / Machine Learning Engineering
3.09,91,48,69,7,7,4,0,8,1,5,cloud,Data Science
2.56,78,98,75,4,8,5,9,3,3,0,ai,Web Development
2.83,96,88,63,9,1,3,1,1,1,2,cloud,AI / Machine Learning Engineering
2.8,98,53,42,1,5,5,0,6,3,5,ai,Data Science
3.45,71,81,40,5,2,2,6,0,0,5,web,Cloud / DevOps Engineering
3.4,79,62,74,6,6,9,2,1,2,0,web,Web Development
3.66,73,41,44,0,5,3,5,6,0,2,cloud,Cloud / DevOps Engineering
3.81,88,63,54,2,3,4,0,5,1,5,data,Data Science
2.83,92,84,86,9,9,1,9,1,1,2,cloud,AI / Machine Learning Engineering
3.55,44,83,53,5,5,8,0,7,1,4,web,Web Development
3.88,64,55,91,1,0,2,2,4,0,4,web,Data Science
3.62,94,53,52,3,9,8,8,8,3,3,data,Data Science
3.01,89,49,48,7,2,0,3,7,2,1,data,Data Science
2.73,87,55,56,5,6,3,7,7,2,2,ai,Data Science
2.87,47,73,96,3,5,2,2,2,2,4,web,Web Development
3.1,42,62,50,9,1,3,5,4,0,0,web,AI / Machine Learning Engineering
3.28,79,42,94,9,9,8,7,0,2,1,data,Web Development
3.82,43,69,41,3,4,4,4,3,0,5,data,Data Science
2.74,50,64,65,9,3,9,2,5,2,2,ai,AI / Machine Learning Engineering
3.65,84,68,97,7,8,9,5,4,1,2,ai,Web Development
2.95,66,98,92,3,0,8,3,4,2,1,cloud,Data Science
2.61,52,63,87,5,9,7,6,9,3,1,data,Web Development
3.23,76,88,73,1,9,9,5,0,2,4,web,Web Development
3.28,89,79,78,8,9,3,3,6,0,1,web,Web Development
3.26,75,44,72,0,4,5,4,1,0,4,web,Web Development
2.83,98,66,89,4,9,1,9,8,1,5,ai,Data Science
3.13,61,69,48,2,1,9,4,8,1,5,ai,Cyber Security
3.42,67,99,78,1,6,5,6,7,3,0,ai,AI / Machine Learning Engineering
3.69,64,73,67,8,6,9,7,0,0,4,data,Cyber Security
3.25,83,69,85,2,5,2,8,6,1,4,security,Data Science
3.44,54,42,41,7,6,8,7,3,3,1,web,Web Development
3.36,66,84,59,4,6,8,1,7,2,0,ai,AI / Machine Learning Engineering
3.27,75,90,97,3,2,2,8,3,0,3,cloud,Cloud / DevOps Engineering
3.51,91,76,87,6,0,2,2,1,3,4,web,AI / Machine Learning Engineering
3.44,67,67,95,9,3,8,4,5,0,1,web,AI / Machine Learning Engineering
3.51,90,50,55,6,7,2,1,5,3,3,data,Data Science
2.89,51,69,70,6,0,8,3,5,1,2,web,Cyber Security
3.45,84,70,60,2,1,2,8,7,0,2,ai,Cloud / DevOps Engineering
3.08,93,78,80,0,9,3,5,9,2,5,web,Web Development
4.0,44,50,68,5,3,1,1,2,1,0,security,Cyber Security
2.7,87,62,66,6,0,5,3,9,1,1,cloud,Data Science
3.22,97,67,84,8,2,9,1,0,3,1,cloud,AI / Machine Learning Engineering
3.18,67,88,86,9,1,5,0,4,2,4,data,AI / Machine Learning Engineering
2.8,54,62,61,8,7,3,8,0,2,5,ai,AI / Machine Learning Engineering
2.14,76,55,85,8,7,8,2,2,0,5,data,AI / Machine Learning Engineering
3.66,70,76,52,0,6,6,9,5,3,3,security,Cyber Security
2.87,89,81,70,1,0,2,9,6,2,4,security,Cloud / DevOps Engineering
3.46,89,81,42,0,1,0,7,3,2,0,security,Cloud / DevOps Engineering
3.01,40,60,98,0,9,8,3,8,1,3,data,Data Science
3.24,48,97,70,4,5,9,7,2,1,2,data,Cyber Security
2.87,69,75,48,3,4,7,1,2,1,3,web,Cyber Security
3.88,99,51,74,0,1,6,2,6,3,4,security,Cyber Security
3.09,72,59,72,7,2,1,3,2,2,4,ai,AI / Machine Learning Engineering
2.94,51,98,52,5,7,0,5,5,2,2,ai,AI / Machine Learning Engineering
4.0,47,44,81,5,0,5,8,9,3,5,web,Data Science
2.64,57,86,80,1,4,7,9,7,2,1,web,Cloud / DevOps Engineering
3.22,77,43,56,4,4,4,5,1,0,1,web,Web Development
2.74,41,77,80,6,1,2,7,8,3,0,cloud,Cloud / DevOps Engineering
3.28,71,46,47,1,6,3,0,2,2,3,data,Web Development
2.73,95,62,50,0,3,8,9,7,3,3,web,Cloud / DevOps Engineering
3.69,57,80,90,9,9,5,0,9,2,4,ai,AI / Machine Learning Engineering
3.58,43,44,89,9,8,9,7,5,1,2,ai,AI / Machine Learning Engineering
2.78,86,48,62,6,7,9,1,5,0,4,ai,Cyber Security
3.13,96,58,81,9,8,0,5,8,3,4,web,Web Development
2.98,84,77,59,0,6,4,7,8,0,4,web,Web Development
3.12,99,58,91,6,7,1,7,8,2,0,ai,Data Science
3.35,91,48,74,3,2,1,3,7,0,2,ai,Data Science
3.21,67,63,56,1,6,7,2,7,0,0,cloud,Web Development
2.92,44,89,42,9,2,4,4,3,3,5,cloud,AI / Machine Learning Engineering
3.15,86,86,75,6,3,7,6,9,0,0,ai,AI / Machine Learning Engineering
3.53,84,69,61,5,5,7,3,2,1,3,security,Cyber Security
2.69,65,95,80,7,2,8,2,7,1,0,security,Cyber Security
3.7,91,95,60,1,2,0,1,0,1,2,cloud,Cloud / DevOps Engineering
3.31,96,69,49,6,6,3,2,7,2,3,ai,Web Development
3.51,84,63,54,0,5,6,9,1,3,2,cloud,Cloud / DevOps Engineering
3.17,56,99,98,0,6,2,6,8,2,2,security,Web Development
2.53,93,86,48,2,9,3,9,7,1,4,web,Web Development
2.81,49,64,83,9,2,9,8,7,3,2,ai,AI / Machine Learning Engineering
3.24,88,87,90,6,6,2,0,9,0,3,web,Data Science
3.18,95,97,80,0,3,3,2,6,0,0,security,Data Science
3.48,49,40,44,2,0,1,9,4,2,2,web,Cloud / DevOps Engineering
2.94,51,48,76,8,1,7,6,3,2,3,security,Cyber Security
3.02,94,70,97,1,4,6,8,0,2,2,cloud,Cloud / DevOps Engineering
2.8,87,98,58,7,0,3,7,9,3,1,web,Data Science
2.86,79,95,40,2,4,1,4,9,2,0,security,Data Science
3.35,95,76,78,5,9,1,2,3,0,0,data,Web Development
3.49,48,88,69,8,2,5,7,2,3,3,web,AI / Machine Learning Engineering
3.01,57,79,64,6,8,3,6,4,3,4,web,Web Development
2.93,60,62,83,2,5,7,7,1,1,3,ai,Cyber Security
2.71,43,89,90,3,9,5,4,2,3,1,web,Web Development
2.63,41,44,48,3,1,5,7,1,0,5,data,Cloud / DevOps Engineering
3.41,89,41,54,4,4,0,1,1,2,3,security,Web Development
2.7,73,58,66,8,4,4,8,9,2,5,web,AI / Machine Learning Engineering
3.44,46,46,47,2,0,8,0,5,0,5,ai,Data Science
3.17,61,93,76,5,8,4,5,3,0,2,ai,Web Development
3.19,72,50,52,0,1,8,4,8,0,4,security,Cyber Security
4.0,98,45,47,7,2,3,0,1,0,0,cloud,AI / Machine Learning Engineering
3.07,60,95,81,9,8,7,1,1,3,2,cloud,Web Development
2.69,47,71,72,1,1,5,6,1,0,5,cloud,Cloud / DevOps Engineering
3.66,59,89,98,4,0,7,7,2,0,3,cloud,Cloud / DevOps Engineering
3.2,51,99,99,3,3,9,7,2,3,4,ai,AI / Machine Learning Engineering
3.56,88,80,71,5,6,7,4,5,3,4,ai,AI / Machine Learning Engineering
3.5,87,61,49,5,7,4,4,6,1,4,cloud,Data Science
3.11,76,53,55,3,7,9,8,0,2,3,ai,Cyber Security
3.32,99,43,40,9,1,9,1,3,3,0,cloud,AI / Machine Learning Engineering
2.99,82,61,99,3,7,1,6,2,1,2,ai,Web Development
2.94,85,71,47,9,9,8,5,4,0,0,ai,AI / Machine Learning Engineering
4.0,63,85,87,0,1,7,6,4,2,4,data,Data Science
3.39,78,46,85,4,7,6,5,1,1,5,web,Web Development
3.32,48,69,95,0,7,3,5,9,0,4,data,Data Science
3.12,52,53,87,1,3,6,4,8,1,3,cloud,Data Science
2.62,72,51,61,9,0,4,8,8,0,3,web,Data Science
3.05,62,70,96,4,5,2,0,1,3,4,data,Web Development
3.52,79,55,89,2,3,8,4,5,0,3,ai,Cyber Security
3.17,92,94,46,3,3,9,2,1,3,2,ai,Cyber Security
2.97,76,42,98,8,2,1,4,8,3,5,web,Data Science
3.0,84,87,92,9,1,2,1,0,2,5,data,AI / Machine Learning Engineering
3.54,58,68,59,3,9,7,0,7,0,0,ai,Web Development
2.94,53,52,95,0,2,9,1,1,0,4,cloud,Cyber Security
3.12,73,87,72,3,5,4,3,3,1,1,web,Web Development
3.24,63,93,86,7,4,6,7,6,1,3,ai,AI / Machine Learning Engineering
3.2,53,53,41,5,2,1,5,3,0,4,ai,AI / Machine Learning Engineering
2.84,72,56,44,4,9,6,3,8,3,4,ai,Web Development
3.83,54,58,67,7,8,4,4,5,2,2,ai,AI / Machine Learning Engineering
2.99,65,67,73,9,4,5,8,6,1,4,web,AI / Machine Learning Engineering
3.48,47,72,64,0,2,7,0,0,1,4,security,Cyber Security
2.87,82,62,53,2,2,5,8,0,0,0,data,Cloud / DevOps Engineering
2.84,80,85,86,7,0,1,1,1,1,3,cloud,AI / Machine Learning Engineering
3.39,74,66,43,9,6,0,5,7,0,0,cloud,AI / Machine Learning Engineering
3.67,45,94,75,2,4,2,2,3,3,1,data,Data Science
2.68,63,97,71,0,9,8,0,0,0,3,web,Web Development
2.87,57,55,80,4,8,8,7,7,3,5,ai,AI / Machine Learning Engineering
2.94,60,63,54,4,6,5,6,8,2,1,cloud,Data Science
2.46,93,73,56,2,1,5,5,4,1,1,data,Data Science
2.71,88,91,73,9,2,6,6,0,3,0,cloud,AI / Machine Learning Engineering
2.94,66,47,95,0,4,5,1,9,2,4,security,Data Science
2.61,93,84,70,7,1,1,2,2,0,2,data,AI / Machine Learning Engineering
3.21,55,98,87,4,6,3,7,8,0,3,security,Data Science
2.6,42,60,99,5,8,8,2,7,3,4,ai,AI / Machine Learning Engineering
3.18,52,80,48,6,4,2,2,8,0,3,cloud,AI / Machine Learning Engineering
3.65,70,70,75,9,9,3,8,8,2,1,data,Data Science
2.82,97,74,81,8,5,4,4,2,1,5,web,AI / Machine Learning Engineering
2.64,72,68,92,1,1,1,8,9,2,3,security,Data Science
2.84,61,82,67,2,5,9,3,2,1,2,security,Cyber Security
3.33,97,73,70,0,9,0,4,6,0,0,ai,Web Development
3.61,55,55,75,8,8,0,4,8,3,4,web,Web Development
2.65,82,81,56,3,0,3,2,8,0,5,security,Data Science
4.0,96,51,80,1,1,8,0,4,0,0,web,Cyber Security
2.66,65,77,74,6,3,9,4,7,2,1,ai,AI / Machine Learning Engineering
3.41,94,62,49,8,6,7,3,8,2,5,cloud,Data Science
3.0,74,57,79,4,8,0,9,2,0,1,cloud,Cloud / DevOps Engineering
3.11,76,60,72,0,7,4,7,9,1,3,web,Web Development
2.78,50,85,49,6,6,0,9,6,2,1,data,Data Science
3.08,54,75,45,8,9,1,1,5,2,0,ai,AI / Machine Learning Engineering
3.52,42,77,62,8,4,8,7,0,3,2,data,Cyber Security
2.39,93,98,68,2,9,3,1,7,1,0,web,Web Development
3.6,79,94,83,6,8,9,6,1,0,0,cloud,Web Development
2.66,90,91,45,8,1,7,8,1,0,0,data,AI / Machine Learning Engineering
2.82,91,83,94,7,4,0,8,5,2,2,cloud,Cloud / DevOps Engineering
2.66,95,63,64,6,8,8,0,5,3,1,ai,AI / Machine Learning Engineering
2.77,67,89,54,2,5,5,6,8,3,4,ai,Data Science
3.52,59,67,62,2,0,8,8,5,3,1,ai,Cyber Security
2.46,68,94,46,4,5,1,4,6,1,0,ai,AI / Machine Learning Engineering
3.62,86,79,76,2,2,1,7,0,3,2,security,Cloud / DevOps Engineering
3.3,93,62,75,0,4,1,7,3,0,1,data,Cloud / DevOps Engineering
3.06,83,64,40,1,1,9,2,9,2,1,data,Data Science
3.05,99,60,94,7,8,1,5,8,0,5,cloud,Data Science
2.5,49,89,74,4,2,4,3,9,0,2,cloud,Data Science
2.85,67,99,75,5,2,9,0,6,2,3,web,Cyber Security
3.05,74,40,44,0,7,6,1,8,0,3,cloud,Data Science
3.03,91,59,70,1,0,9,6,9,2,3,security,Cyber Security
3.1,87,55,58,5,5,6,2,7,3,0,web,Data Science
3.47,87,63,57,5,6,7,8,4,2,2,data,Data Science
2.98,90,82,98,7,4,3,8,4,3,5,web,Web Development
3.28,69,69,90,8,8,8,6,3,0,2,ai,AI / Machine Learning Engineering
2.67,89,70,41,9,3,7,4,8,3,2,data,Data Science
3.51,42,75,64,3,2,6,5,0,1,1,web,Cloud / DevOps Engineering
2.92,54,65,72,8,7,6,8,2,1,3,web,Web Development
2.86,46,98,95,9,2,0,6,7,1,0,data,Data Science
3.19,49,80,61,5,1,6,8,5,2,3,security,Cyber Security
2.87,72,66,81,2,8,1,7,5,3,5,data,Data Science
3.03,43,49,91,0,4,7,6,4,2,2,ai,Cyber Security
2.69,42,82,49,0,0,9,0,1,1,0,cloud,Cyber Security
3.2,49,90,81,7,0,3,3,5,3,3,web,AI / Machine Learning Engineering
3.9,47,80,84,3,0,2,0,6,3,0,data,Data Science
3.5,78,58,85,7,4,4,4,7,1,1,data,Data Science
2.74,68,88,87,1,6,0,0,1,3,3,data,Data Science
3.79,76,84,90,3,7,5,4,8,1,2,ai,Data Science
3.17,40,57,80,4,3,8,8,1,2,3,web,Cyber Security
2.58,77,93,99,4,6,4,0,8,2,1,data,Data Science
3.81,72,99,41,5,1,3,9,5,0,3,security,Cloud / DevOps Engineering
3.38,76,62,88,0,5,6,5,4,1,4,web,Web Development
3.87,76,46,42,3,0,2,6,3,2,1,data,Data Science
3.15,97,94,93,0,8,8,0,5,2,1,security,Cyber Security
3.61,42,87,44,7,5,1,6,7,3,3,security,Data Science
3.55,50,59,94,3,1,9,5,8,3,1,security,Cyber Security
2.84,81,65,81,1,8,8,1,2,1,5,ai,Web Development
3.49,95,77,64,4,9,3,8,9,2,5,cloud,Cloud / DevOps Engineering
3.25,65,67,66,2,8,3,2,6,3,4,data,Data Science
3.77,66,90,47,2,3,9,6,2,3,3,cloud,Cyber Security
2.76,91,95,43,7,3,8,5,0,0,1,web,AI / Machine Learning Engineering
3.98,63,72,53,2,1,0,4,2,1,5,cloud,Cloud / DevOps Engineering
3.28,86,82,66,2,4,5,6,9,3,0,web,Data Science
3.16,66,93,97,9,7,4,4,7,0,5,cloud,Web Development
2.5,48,91,76,4,2,1,7,9,2,0,web,Data Science
3.21,60,40,83,0,6,1,7,5,3,0,data,Data Science
3.64,77,47,82,7,9,6,3,3,1,5,cloud,Web Development
2.44,53,73,65,2,9,2,1,1,1,3,security,Web Development
3.17,44,90,49,1,8,0,4,4,3,5,web,Web Development
2.82,81,56,44,1,0,3,5,6,0,4,data,Data Science
3.42,69,92,90,7,4,9,9,5,1,0,cloud,Cloud / DevOps Engineering
3.25,69,79,86,2,4,6,4,5,1,4,cloud,Cloud / DevOps Engineering
2.91,71,56,43,9,0,8,1,6,2,5,web,Cyber Security
2.89,62,97,76,8,6,6,2,0,3,5,security,AI / Machine Learning Engineering
2.96,47,41,68,6,5,6,3,4,1,0,data,AI / Machine Learning Engineering
3.18,55,55,92,7,7,5,0,7,3,5,cloud,AI / Machine Learning Engineering
3.6,51,63,69,3,9,6,9,1,2,5,security,Cyber Security
3.09,74,91,72,4,3,7,2,9,0,5,ai,Data Science
3.04,65,64,83,4,7,9,3,1,3,3,ai,AI / Machine Learning Engineering
3.17,68,60,99,5,7,3,4,3,2,1,ai,AI / Machine Learning Engineering
2.66,56,77,64,9,9,1,0,1,0,5,cloud,AI / Machine Learning Engineering
2.86,57,61,70,3,8,2,0,0,3,0,ai,Web Development
3.71,78,99,61,4,3,6,3,9,1,1,security,Data Science
3.11,54,75,44,9,0,1,3,7,1,3,data,AI / Machine Learning Engineering
3.56,47,76,47,2,6,7,6,1,3,5,cloud,Cloud / DevOps Engineering
2.41,87,66,89,3,3,6,4,7,2,1,ai,Data Science
3.05,78,55,57,5,3,4,4,3,3,3,cloud,Cloud / DevOps Engineering
3.14,74,78,77,5,7,7,5,0,1,4,data,Cyber Security
2.83,45,53,90,9,3,4,8,7,2,5,cloud,Cloud / DevOps Engineering
2.58,78,81,96,7,5,3,9,8,2,4,ai,AI / Machine Learning Engineering
3.29,81,47,95,8,5,1,2,9,2,5,data,Data Science
2.98,50,85,76,8,6,8,5,6,1,4,cloud,AI / Machine Learning Engineering
3.15,82,99,75,4,8,2,3,7,2,4,web,Web Development
3.24,55,81,98,8,0,6,9,6,3,5,web,AI / Machine Learning Engineering
3.34,71,65,50,3,8,4,6,2,2,3,ai,Web Development
3.03,41,56,69,9,2,3,3,5,0,0,data,AI / Machine Learning Engineering
3.19,56,98,96,5,3,4,0,6,0,4,web,Web Development
3.61,82,42,97,1,9,2,7,7,3,1,web,Web Development
3.46,71,62,77,1,1,1,7,6,0,3,web,Data Science
2.97,73,89,87,9,2,7,5,5,0,1,cloud,Data Science
2.61,58,72,81,5,9,1,7,1,3,5,cloud,Web Development
2.46,89,62,65,4,5,5,8,1,3,5,ai,AI / Machine Learning Engineering
2.94,52,81,54,1,1,1,6,3,2,5,ai,AI / Machine Learning Engineering
3.4,82,90,98,9,6,6,7,4,1,4,security,AI / Machine Learning Engineering
3.71,57,67,52,1,9,0,4,1,2,1,ai,Web Development
2.53,56,46,65,1,5,8,5,2,0,3,web,Web Development
2.58,78,94,67,1,8,5,1,0,2,0,cloud,Web Development
3.28,97,45,68,4,8,8,0,2,0,5,data,Web Development
3.08,47,83,60,7,9,3,3,9,2,3,cloud,Web Development
3.64,92,83,87,4,9,6,7,7,1,0,ai,Web Development
2.45,69,73,57,7,0,7,9,6,2,4,security,Cyber Security
3.14,55,72,86,6,6,3,0,2,3,4,ai,AI / Machine Learning Engineering
3.38,70,61,56,3,3,7,1,0,2,5,cloud,Cyber Security
3.62,68,60,95,6,3,7,9,1,3,4,cloud,Cloud / DevOps Engineering
2.98,83,47,98,9,2,3,7,2,1,1,data,AI / Machine Learning Engineering
2.73,41,60,73,4,6,5,3,1,2,3,data,Web Development
3.24,97,46,75,4,1,7,0,1,3,2,ai,AI / Machine Learning Engineering
3.41,63,67,61,2,2,4,2,5,3,1,cloud,Data Science
3.31,49,59,55,9,1,8,4,1,1,5,ai,AI / Machine Learning Engineering
2.6,95,49,62,3,1,6,1,5,3,0,web,Cyber Security
2.84,87,49,54,5,3,3,7,6,3,2,ai,AI / Machine Learning Engineering
3.43,49,79,97,6,8,0,5,5,1,2,data,Data Science
3.48,43,71,58,0,0,5,8,7,3,1,web,Cloud / DevOps Engineering
3.26,95,83,88,8,9,8,8,5,3,4,ai,AI / Machine Learning Engineering
2.98,68,74,59,4,0,8,9,9,0,5,security,Cyber Security
3.76,79,89,48,2,9,1,0,8,3,4,web,Web Development
3.29,53,65,59,9,2,7,1,8,2,3,ai,AI / Machine Learning Engineering
3.47,46,50,50,3,3,4,7,6,0,4,cloud,Cloud / DevOps Engineering
3.88,55,67,55,4,2,0,4,5,1,5,cloud,Data Science
2.69,66,54,51,6,0,9,4,3,1,2,cloud,Cyber Security
3.69,46,66,49,0,6,6,5,5,0,4,cloud,Web Development
3.44,62,93,54,5,2,7,8,5,1,0,ai,AI / Machine Learning Engineering
2.93,55,45,53,9,3,1,8,1,1,4,security,AI / Machine Learning Engineering
2.01,43,71,97,0,0,6,6,2,2,2,data,Data Science
2.91,69,41,47,4,2,9,6,1,0,2,web,Cyber Security
2.75,62,75,82,1,1,9,0,8,1,5,web,Data Science
3.08,97,61,77,6,5,1,4,2,0,1,cloud,AI / Machine Learning Engineering
3.53,86,42,78,6,0,5,3,7,3,2,cloud,Data Science
3.59,45,95,96,6,3,3,5,3,2,5,ai,AI / Machine Learning Engineering
2.54,62,71,81,0,0,1,0,9,3,3,cloud,Data Science
4.0,62,64,57,6,2,5,2,9,0,2,web,Data Science
3.15,83,91,62,4,7,5,4,0,2,1,data,Web Development
3.54,48,83,91,8,2,0,5,9,1,3,web,Data Science
3.38,50,56,44,5,9,4,0,4,1,0,security,Web Development
3.0,55,61,89,6,5,7,5,8,1,1,ai,AI / Machine Learning Engineering
3.51,53,41,60,3,2,4,5,0,1,0,web,Web Development
3.16,67,51,65,7,4,9,2,6,0,3,cloud,Cyber Security
3.12,53,41,48,4,1,2,6,6,1,0,web,Cloud / DevOps Engineering
3.22,95,95,57,8,6,7,1,3,2,5,web,Web Development
3.21,87,48,59,3,7,6,4,5,2,2,cloud,Data Science
2.75,67,42,41,4,3,4,5,2,0,3,web,Web Development
3.34,62,82,42,0,1,9,9,8,2,5,web,Data Science
2.84,92,89,89,4,2,0,8,1,1,3,security,Cloud / DevOps Engineering
3.44,66,60,70,1,8,3,8,0,0,0,web,Web Development
2.79,99,84,87,5,5,9,3,0,0,4,ai,Cyber Security
2.84,92,91,50,9,4,1,7,7,1,2,web,AI / Machine Learning Engineering
3.45,63,43,48,0,0,3,2,2,1,3,web,Data Science
3.44,55,60,54,4,5,3,6,6,2,0,web,Web Development
3.48,65,43,55,4,5,3,5,9,2,2,security,Data Science
3.18,51,50,52,2,8,7,2,0,0,4,data,Web Development
3.68,52,81,45,9,4,5,6,8,3,3,web,AI / Machine Learning Engineering
4.0,62,55,57,2,1,9,9,1,2,5,web,Cloud / DevOps Engineering
2.95,64,77,57,0,0,9,8,5,1,3,data,Data Science
3.21,96,50,52,8,3,8,9,0,2,4,data,AI / Machine Learning Engineering
2.63,97,72,50,4,1,1,3,3,3,3,cloud,AI / Machine Learning Engineering
3.1,59,93,65,6,5,0,4,7,2,3,web,Data Science
3.31,60,40,84,5,1,6,8,2,1,1,ai,AI / Machine Learning Engineering
3.53,96,99,49,1,6,4,6,4,3,5,data,Data Science
3.17,53,62,99,5,7,7,5,3,3,3,web,Web Development
3.75,99,44,44,5,6,6,4,0,2,0,ai,AI / Machine Learning Engineering
3.78,79,45,43,6,4,4,8,2,1,3,cloud,Cloud / DevOps Engineering
2.46,97,58,92,3,5,7,7,3,0,4,web,Web Development
3.51,50,87,81,9,1,5,1,9,0,1,ai,AI / Machine Learning Engineering
3.48,71,84,88,0,3,8,8,0,2,4,security,Cyber Security
2.66,94,66,99,7,9,5,6,8,1,0,security,Web Development
2.67,95,55,56,3,9,5,6,9,0,3,ai,Web Development
3.27,65,90,66,2,2,3,1,4,2,1,web,Web Development
2.13,47,85,95,5,0,9,5,9,2,5,data,Data Science
3.51,68,73,81,3,9,2,5,7,2,5,web,Web Development
2.69,46,52,84,3,6,4,5,3,3,0,web,Web Development
2.85,56,94,89,6,0,9,9,7,1,4,web,Cyber Security
3.33,81,44,50,5,3,6,2,6,1,0,cloud,Data Science
3.89,60,62,91,4,1,2,6,9,0,3,web,Data Science
2.65,60,49,66,2,2,5,0,6,2,4,web,Web Development
2.85,91,70,98,5,8,4,0,2,2,0,cloud,Web Development
3.52,86,71,73,7,7,4,2,8,3,0,ai,AI / Machine Learning Engineering
3.42,91,69,88,4,9,6,0,3,1,2,data,Web Development
3.81,45,50,98,3,7,8,1,8,2,3,data,Cyber Security
3.44,69,51,58,4,9,7,5,3,2,3,data,Web Development
3.5,68,47,68,6,9,4,3,0,1,2,ai,AI / Machine Learning Engineering
3.7,40,61,54,3,3,2,8,2,3,1,ai,Cloud / DevOps Engineering
3.53,72,91,98,4,4,4,7,7,3,4,cloud,Cloud / DevOps Engineering
3.17,79,90,89,3,1,3,4,1,3,0,web,AI / Machine Learning Engineering
3.13,45,98,45,8,7,7,5,4,0,3,web,Web Development
2.07,86,85,40,4,7,6,8,1,3,3,cloud,Cloud / DevOps Engineering
3.49,63,55,51,1,2,7,4,6,1,5,ai,Data Science
3.52,44,53,57,3,0,6,3,3,0,3,web,AI / Machine Learning Engineering
3.41,78,85,98,5,0,1,5,0,2,2,data,AI / Machine Learning Engineering
3.85,64,94,52,2,5,2,9,3,3,3,web,Web Development
2.74,56,92,51,8,1,3,9,1,1,0,data,AI / Machine Learning Engineering
2.67,52,89,68,6,8,6,4,5,3,5,data,Web Development
3.19,70,46,52,5,1,0,1,6,1,2,ai,AI / Machine Learning Engineering
3.58,61,65,51,8,4,9,6,0,3,0,data,Cyber Security
3.08,45,44,93,5,2,2,8,2,2,2,data,Cloud / DevOps Engineering
2.96,54,84,61,3,0,4,4,8,3,4,cloud,Data Science
2.34,49,84,70,8,1,9,9,9,0,5,security,Cyber Security
3.79,72,91,64,4,9,5,2,4,1,3,ai,AI / Machine Learning Engineering
3.1,96,92,51,2,0,5,7,0,2,0,cloud,Cloud / DevOps Engineering
2.94,70,88,82,8,7,8,8,5,2,0,ai,AI / Machine Learning Engineering
2.71,52,40,79,4,3,0,8,8,0,4,cloud,Cloud / DevOps Engineering
